total_debt,annual_income,balance,credit_limit,target,period
# --- Baseline regime (lower risk profile: moderate debt_ratio & credit_util) ---
32000,64000,,14000,0,baseline
18000,,1500,8000,1,baseline
24000,60000,3000,12000,1,baseline
28000,70000,3500,15000,0,baseline
15000,55000,2000,10000,1,baseline
40000,80000,6000,,0,baseline
22000,58000,2800,11000,1,baseline
35000,68000,4500,16000,0,baseline
12000,50000,1200,8000,1,baseline
30000,62000,4000,13000,0,baseline
26000,65000,3200,12000,1,baseline
38000,76000,7000,18000,0,baseline
20000,56000,2500,10000,1,baseline
33000,66000,4800,15000,0,baseline
# --- Drift regime (shifted distribution: higher utilization & debt-to-income; label prevalence shifts) ---
52000,55000,14000,18000,0,drift
48000,52000,,17000,1,drift
60000,58000,18000,19000,1,drift
45000,48000,15000,16000,1,drift
55000,60000,17000,20000,0,drift
58000,56000,19000,21000,1,drift
,50000,14000,15000,1,drift
62000,62000,20000,22000,1,drift
47000,54000,15500,16500,1,drift
56000,57000,17500,19500,0,drift
59000,59000,19500,20500,1,drift
53000,53000,14800,17200,1,drift
